module_id,reactions
M00001,"R01786,R02189,R09085  C00267 -> C00668 R13199  C00668 -> C00085 R00756,R05805  C00085 -> C00354 R01068  C00354 -> C00111 + C00118 R01015  C00111 -> C00118 R01061,R01063  C00118 -> C00236 R01512  C00236 -> C00197 R07159  C00118 -> C00197 R01518  C00197 -> C00631 R00658  C00631 -> C00074 R00200  C00074 -> C00022"
M00549,"R01786,R02189 C00267 -> C00668 R00959 C00668 -> C00103 R00289 C00103 -> C00029"
M00002,"R01015  C00111 -> C00118 R01061,R01063  C00118 -> C00236 R01512  C00236 -> C00197 R07159  C00118 -> C00197 R01518  C00197 -> C00631 R00658  C00631 -> C00074 R00200  C00074 -> C00022"
M00003,"R00431,R00726,R00341  C00036 -> C00074 R00658  C00074 -> C00631 R01518  C00631 -> C00197 R01512  C00197 -> C00236 R01061,R01063  C00236 -> C00118 R01015  C00118 -> C00111 R01068  C00111 + C00118 -> C00354 R00762  C00354 -> C00085"
M00004,"R02736,R10907  C01172 -> C01236 R02035  C01236 -> C00345 R01528,R10221  C00345 -> C00199 R01529  C00199 -> C00231 R01056  C00199 -> C00117 R01641  C00117 + C00231 -> C05382 + C00118 R08575  C05382 + C00118 -> C00279 + C00085 R01067  C00279 + C00231 -> C00085 + C00118 R13199  C00085 -> C00668 R02739  C00668 -> C01172"
M00006,"R02736,R10907  C01172 -> C01236 R02035  C01236 -> C00345 R01528,R10221  C00345 -> C00199"
M00007,R01067  C00085 + C00118 -> C00279 + C00231 R08575  C00279 + C00085 -> C05382 + C00118 R01641  C05382 + C00118 -> C00117 + C00231 R01529  C00231 -> C00199 R01056  C00199 -> C00117
M00307,"R00209,R01196,R10866  C00022 -> C00024  R00014  C00022 + C00068 -> C05125 R03270  C05125 + C15972 -> C16255 + C00068 R02569  C16255 -> C00024 + C15973 R07618  C15973 -> C15972"
M00009,"R00351  C00024 + C00036 -> C00158 R01325+R01900,R01324  C00158 -> C00311 R01899+R00268,R00267,R00709  C00311 -> C00026 R00621+R03316,R01700  C00026 + C15972 -> C16254 R02570  C16254 -> C00091 + C15973 R07618  C15973 -> C15972 R01197  C00026 -> C00091 R00405,R00432,R00727,R10343  C00091 -> C00042 R02164  C00042 -> C00122 R01082  C00122 -> C00149 R00342,R00361  C00149 -> C00036"
M00011,"R00621+R03316,R01700  C00026 + C15972 -> C16254 R02570  C16254 -> C00091 + C15973 R07618  C15973 -> C15972 R01197  C00026 -> C00091 R00405,R00432,R00727,R10343  C00091 -> C00042 R02164  C00042 -> C00122 R01082  C00122 -> C00149 R00342,R00361  C00149 -> C00036"
M00032,"R00716  C00047 -> C00449 R02313  C00449 -> C04076 R03102,R03103  C04076 -> C00956 R01939  C00956 -> C00322 R01933  C00322 -> C00527 R01940,R13166+R13167  C00322 + C15972 -> C06157 R02571  C06157 -> C00527 R07618  C15973 -> C15972 R02488  C00527 -> C00877 R03026  C00877 -> C01144 R01975  C01144 -> C00332"
M00036,R01090  C00123 -> C00233 R07601+R07602  C00233 + C15972 -> C15975 R04097  C15975 -> C02939 + C15973 R07618  C15973 -> C15972 R04095  C02939 -> C03069 R04138  C03069 -> C03231 R02085  C03231 -> C00356 R01360  C00356 -> C00164
M00010,"R00351  C00036 + C00024 -> C00158 R01325+R01900,R01324  C00158 -> C00311 R01899+R00268,R00267,R00709  C00311 -> C00026"
M00152,R02161  C00390 + 2 C00125 -> C00399 + 2 C00126 + 2 C00080
M00154,R00081  C00007 + 4 C00126 + 4 C00080 -> 4 C00125 + 2 C00001
M00158,R00086  C00008 + C00009 -> C00002 + C00001
M00160,R00086  C00008 + C00009 -> C00002 + C00001
M00050,"R01130  C00130 -> C00655 R01230,R01231  C00655 -> C00144 R00332  C00144 -> C00035 R00330  C00035 -> C00044"
M00049,"R01135  C00130 -> C03794 R01083  C03794 -> C00020 R00127,R00333  C00020 -> C00008 R00331  C00008 -> C00002"
M00086,R01280  C00249 -> C00154
M00087,R01279  C00154 -> C05272 R04738  C05272 -> C05258 R04737  C05258 -> C05259 R03991  C05259 -> C02593 + C00024  R03990  C02593 -> C05273 R04740  C05273 -> C05260 R04739  C05260 -> C05261 R03858  C05261 -> C01832 + C00024  R03857  C01832 -> C03221 R04170  C03221 -> C05262 R04741  C05262 -> C05263 R04742  C05263 -> C05274 + C00024  R04754  C05274 -> C05275 R04744  C05275 -> C05264 R04743  C05264 -> C05265 R03778  C05265 -> C01944 + C00024  R03777  C01944 -> C05276 R04746  C05276 -> C05266 R04745  C05266 -> C05267 R04747  C05267 -> C05270 + C00024  R04751  C05270 -> C05271 R04749  C05271 -> C05268 R04748  C05268 -> C05269 R01177  C05269 -> C00136 + C00024  R01175  C00136 -> C00877 R03026  C00877 -> C01144 R01975  C01144 -> C00332 R00238  C00332 -> C00024
M00085,R00391  C00040 + C00024 -> C00264 R01778  C00264 -> C00640 R02685  C00640 -> C00658 R07162  C00658 -> C00040  R01177  C00136 + C00024 -> C05269 R04748  C05269 -> C05268 R04749  C05268 -> C05271 R06985  C05271 -> C05270  R04747  C05270 + C00024 -> C05267 R04745  C05267 -> C05266 R04746  C05266 -> C05276 R03776  C05276 -> C01944  R03778  C01944 + C00024 -> C05265 R04743  C05265 -> C05264 R04744  C05264 -> C05275 R04753  C05275 -> C05274  R04742  C05274 + C00024 -> C05263 R04741  C05263 -> C05262 R04170  C05262 -> C03221 R03856  C03221 -> C01832  R03858  C01832 + C00024 -> C05261 R04739  C05261 -> C05260 R04740  C05260 -> C05273 R03989  C05273 -> C02593  R03991  C02593 + C00024 -> C05259 R04737  C05259 -> C05258 R04738  C05258 -> C05272 R01278  C05272 -> C00154
M00095,R00238  C00024 -> C00332 R01978  C00332 + C00024 -> C00356 R02082  C00356 -> C00418 R02245  C00418 -> C01107 R03245  C01107 -> C01143 R01121  C01143 -> C00129 R01123  C00129 -> C00235
M00082,R00742  C00024 -> C00083 R01626  C00083 -> C01209 R01624  C00024 -> C03939 R04355  C03939 + C01209 -> C05744 R10707  C00024 + C01209 -> C05744
M00083,"R04355  C03939 + C01209 -> C05744 R04533  C05744 -> C04618 R04428  C04618 -> C04246 R04429,R04430  C04246 -> C05745  R04952  C05745 + C01209 -> C05746 R04953  C05746 -> C05747 R04954  C05747 -> C05748 R04955,R04956  C05748 -> C05749  R04957  C05749 + C01209 -> C05750 R04536  C05750 -> C04620 R04537  C04620 -> C05751 R04958,R04959  C05751 -> C05752  R04960  C05752 + C01209 -> C05753 R04534  C05753 -> C04619 R04535  C04619 -> C05754 R04961,R04962  C05754 -> C05755  R04963  C05755 + C01209 -> C05756 R04964  C05756 -> C05757 R04965  C05757 -> C05758 R04724,R04725  C05758 -> C05223  R04726  C05223 + C01209 -> C05759 R04566  C05759 -> C04688 R04568  C04688 -> C05760 R04966,R04967  C05760 -> C05761  R04968  C05761 + C01209 -> C05762 R04543  C05762 -> C04633 R04544  C04633 -> C05763 R04969,R04970  C05763 -> C05764"
M00741,R01859  C00100 -> C00683 R02765  C00683 -> C01213 R00833  C01213 -> C00091
M00034,"R00177  C00073 -> C00019 R00178  C00019 -> C01137 R01920  C01137 -> C00170 R01401  C00170 -> C03089 R04143  C03089 -> C04188 R01402  C00170 -> C04188 R04420  C04188 -> C04582 R07392  C04582 -> C15650 R07393  C15650 -> C15651 R07394  C15651 -> C15606 R07395  C15650 -> C15606 R07364  C15606 -> C01180 R07396,R12507  C01180 -> C00073"
M00035,"R00177  C00073 -> C00019 R00367,R04858  C00019 -> C00021 R00192  C00021 -> C00155 R01290  C00065 + C00155 -> C02291"
M00338,R01290  C00065 + C00155 -> C02291 R01001  C02291 -> C00097
M00038,R00678  C00078 -> C02700 R01959  C02700 -> C00328 R01960  C00328 -> C03227 R02668  C03227 -> C00632 R02665  C00632 -> C04409 R04323  C04409 -> C03824 R03889  C03824 -> C02220
M00912,"R00678  C00078 -> C02700 R01959  C02700 -> C00328 R01960  C00328 -> C03227 R02668  C03227 -> C00632 R02665  C00632 -> C04409 R04293  C04409 -> C03722 R03348  C03722 -> C01185 R03005  C01185 -> C00857 R00189,R00257  C00857 -> C00003"
M00970,"R01253  C00148 -> C03912 R03314  C03912 -> C01165 R00245,R13148  C01165 -> C00025"
M00972,"R00667  C00077 -> C01165 R03314  C01165 -> C03912 R01248,R01251  C03912 -> C00148 R01253  C00148 -> C03912"
M00015,R00239  C00025 -> C03287 R03313  C03287 -> C01165 R03314  C01165 -> C03912 R01251  C03912 -> C00148
M00134,"R00551,R13308  C00062 -> C00077 R00670  C00077 -> C00134"
M00135,"R01154,R01156  C00134 -> C02714 R04025  C02714 -> C05936 R05050  C05936 -> C02946 R01987  C02946 -> C00334"
M00027,"R00261  C00025 -> C00334 R01648,R10178  C00334 -> C00232 R00713,R00714  C00232 -> C00042"
M00020,R01513  C00197 -> C03232 R04173  C03232 -> C01005 R00582  C01005 -> C00065
M00141,"R00945  C00101 -> C00143 R01220,R01218  C00143 -> C00445 R01655  C00445 -> C00234 R00943  C00234 -> C00101"
M00621,R03425  C00037 + C02051 -> C01242 + C00011 R04125  C01242 + C00101 -> C02972 + C00143 + C00014 R03815  C02972 -> C02051  R01221  C00037 + C00101 -> C00014 + C00143
M00029,R00149  C00014 -> C00169 R01398  C00169 + C00077 -> C00327 R01954  C00327 + C00049 -> C03406 R01086  C03406 -> C00062 + C00122 R00551  C00062 -> C00077 + C00086
M00844,R01398  C00169 + C00077 -> C00327 R01954  C00327 + C00049 -> C03406 R01086  C03406 -> C00062 + C00122
M00118,R00894  C00025 -> C00669 R00497  C00669 -> C00051
M00044,"R00734,R00729  C00082 -> C01179 R02521  C01179 -> C00544 R02519  C00544 -> C01036 R03181  C01036 -> C01061 R01364  C01061 -> C00164 + C00122"
M00045,"R01168  C00135 -> C00785 R02914  C00785 -> C03680 R02288  C03680 -> C00439 R02285,R02287  C00439 -> C00025 R02286  C00439 -> C01045 R00525  C01045 -> C00025"
M00047,R00565  C00062 -> C00581 R01883  C00581 -> C00300 R01881  C00300 -> C02305 R07420  C02305 -> C00791
M00958,"R00181  C00020 -> C00130 R01126  C00130 -> C00294 R00183  C00020 -> C00212 R01560  C00212 -> C00294 R01863  C00294 -> C00262 R01768,R01769  C00262 -> C00385 R02103,R02107  C00385 -> C00366"
M00868,R00830  C00037 -> C00430 R00036  C00430 -> C00931 R00084  C00931 -> C01024 R03165  C01024 -> C01051 R03197  C01051 -> C03263 R03220  C03263 -> C01079 R03222  C01079 -> C02191 R00310  C02191 -> C00032
M00089,R00851  C00093 -> C00681 R02241  C00681 -> C00416 R02239  C00416 -> C00641 R02251  C00641 -> C00422
M00052,"R00158  C00105 -> C00015 R00156  C00015 -> C00075 R00571,R00573  C00075 -> C00063 R00570  C00063 -> C00112"
M00051,"R00575  C00064 -> C00169 R01397  C00169 -> C00438 R01993  C00438 -> C00337 R01867,R01868,R01869  C00337 -> C00295 R01870  C00295 + C00119 -> C01103 R00965  C01103 -> C00105"
M00855,R02111  C00369 -> C00103 R08639  C00103 -> C00092
M00014,R00286  C00029 -> C00167 R01381  C00167 -> C05385 R01476  C05385 -> C00191 R01383  C00167 -> C03033 R01478  C03033 -> C00191 R01481  C00191 -> C00800 R02640  C00800 -> C00618 R01905  C00618 -> C00312 R01904  C00312 -> C00379 R01896  C00379 -> C00310 R01639  C00310 -> C00231
M00854,R00289  C00103 -> C00029 R00292  C00029 -> C00718 R00948  C00103 -> C00498 R02421  C00498 -> C00718 R02110  C00718 -> C00369
M00632,R10619  C00124 -> C00984 R01092  C00984 -> C00446 R00955  C00446 + C00029 -> C00052 + C00103 R00291 C00052 -> C00029
M00554,R01092 C00984 -> C00446 R00955 C00446 -> C00052
M01000,R00772  C00085 -> C00275 R01818  C00275 -> C00636 R00885  C00636 -> C00096
M01015,R01326  C00159 -> C00275 R01818  C00275 -> C00636 R00885  C00636 -> C00096
M01016,R00888  C00096 -> C01222 R05692  C01222 -> C00325
M01001,R03161  C01019 -> C02985 R01951  C02985 -> C00325
M00005,R01049  C00117 -> C00119
M00048,"R01072  C00119 + C00064 -> C03090 R04144  C03090 -> C03838 R04325,R06974  C03838 -> C04376 R04463  C04376 -> C04640 R04208  C04640 -> C03373 R04209  C03373 -> C04751 R07404  C03373 -> C15667 R07405  C15667 -> C04751 R04591  C04751 -> C04823 R04559  C04823 -> C04677 R04560,R06975  C04677 -> C04734 R01127  C04734 -> C00130"
M00959,"R01227  C00144 -> C00387 R02147  C00387 -> C00242 R01676  C00242 -> C00385 R02103,R02107  C00385 -> C00366"
M00053,R02017 C00008 -> C00206 R01137 C00206 -> C00131 R02019 C00035 -> C00361 R01857 C00361 -> C00286 R02024 C00112 -> C00705 R02326 C00705 -> C00458 R02018 C00015 -> C01346 R02331 C01346 -> C00460
M00938,"R02018  C00015 -> C01346 R02331  C01346 -> C00460 R02100  C00460 -> C00365 R02101,R06613  C00365 -> C00364 R02094  C00364 -> C00363 R02093  C00363 -> C00459"
M00046,"R00978,R00977  C00106 -> C00429 R02269  C00429 -> C02642 R00905  C02642 -> C00099 R01415,R11026  C00178 -> C21028 R03055  C21028 -> C21029 R04666  C21029 -> C01205"
M00555,"R01025,R08557,R08558,R07409,R01022  C00114 -> C00576 R02565,R02566,R08211  C00576 -> C00719"
M00974,"R02821  C00719 -> C01026 R01565  C01026 -> C00213 R00610,R00611  C00213 -> C00037"
M00042,"R00731,R01815  C00082 -> C00355 R02080  C00355 -> C03758 R02535  C03758 -> C00547 R02533  C00547 -> C00788"
M00892,R00768  C00085 -> C00352 R02058  C00352 -> C00357 R08193  C00357 -> C04501 R00416  C04501 -> C00043
M01003,R01201  C00140 -> C00357 R08193  C00357 -> C04501 R00416  C04501 -> C00043
M00955,R00414  C00043 -> C00645 R02705  C00645 -> C04257 R04435  C04257 -> C06241 R01805  C06241 -> C00270 R01117  C00270 -> C00128 R01115  C00128 -> C03691
M00055,R05969  C00110 -> G00001 R05970  G00001 -> G00002 R05972  G00002 -> G00003 R05973  G00003 -> G00004 R06238  G00004 -> G00005 R06127  G00005 -> G10526 R06128  G10526 -> G00006 R06258  G00006 -> G10595 R06259  G10595 -> G10596 R06260  G10596 -> G10597 R06261  G10597 -> G00007 R01005  C00110 -> C01246 R06262  C01246 + G00007 -> G10598 R06263  G10598 -> G10599 R06264  G10599 -> G00008
M00098,R02250  C00422 -> C00641 R02687  C00641 -> C01885 R01351  C01885 -> C00116
M00107,R01454  C00187 -> C05500 R04854  C05500 -> C05501 R02723  C00187 -> C05502 R04855  C05502 -> C05501 R03933  C05501 -> C01953 R02216  C01953 -> C00410
M00108,R02213  C00410 -> C03205 R03851  C03205 -> C02140 R03262  C02140 -> C01124 R03263  C01124 -> C01780
M00043,R03539  C00082 -> C02515 R03973  C02515 -> C01060 R03953  C01060 -> C02465 R03208  C01060 -> C01829
M00977,"R03783  C01953 -> C05138 R03327  C05138 -> C01176 R13215  C01176 -> C22831 R13216,R13217  C22831 -> C22832 R13218  C22832 -> C00523 R13039,R13219  C00523 -> C03852 R04330,R08963  C03852 -> C03917"
M00976,"R03783  C01953 -> C05138 R08517  C05138 -> C01227 R01837  C01227 -> C00280 R01836,R01838  C00280 -> C00535 R02497  C00535 -> C03917"
M00367,R01123  C00129 <-> C00235 R01658  C00235 + C00129 -> C00341 R02003  C00341 + C00129 -> C00448 R02061  C00448 + C00129 -> C00353
M00101,"R00702  C00448 -> C03428 R02872  C03428 -> C00751 R02874  C00751 -> C01054 R03199  C01054 -> C01724 R05640  C01724 -> C11455 R05639  C11455 -> C05108 R07509  C05108 -> C15808 R07494  C15808 -> C15816 R07495  C15816 -> C05103 R12403  C05103 -> C22112 R12404  C22112 -> C22136 R12405  C22136 -> C05437 R07498  C05437 -> C03845 R03353  C03845 -> C01189 R07215  C01189 -> C01164 R01451,R01456  C01164 -> C00187"
M00110,R03783  C01953 -> C05138 R08517  C05138 -> C01227 R01837  C01227 -> C00280 R01840  C00280 -> C05290 R04759  C05290 -> C05297 R02351  C05297 -> C00468
M00094,R01281  C00154 + C00065 -> C02934 R02978  C02934 -> C00836 R06517  C00836 -> C12126 R06519  C12126 -> C00195
M00099,R01281  C00154 -> C02934 R02978  C02934 -> C00836 R06517  C00836 -> C12126 R06519  C12126 -> C00195 R01494  C00195 -> C00319
M00066,R01497  C00195 -> C01190 R03354  C01190 -> C01290
M00100,R01926  C00319 -> C06124 R06516  C06124 -> C00346
M00092,R01468  C00189 -> C00346 R02038  C00346 -> C00570 R02057  C00570 -> C00350
M00090,R01021  C00114 -> C00588 R01890  C00588 -> C00307 R01321  C00307 -> C00157
M00091,R02056  C00350 -> C01241 R03424  C01241 -> C04308 R01320  C04308 -> C00157
M00069,R05937  G00092 -> G00108 R05940  G00108 -> G00113 R05947  G00113 -> G00118
M00068,R05960  G00092 -> G00093 R05962  G00093 -> G00094
M00070,R05971  G00092 -> G00036 R06006  G00036 -> G00037
M00071,R05971  G00092 -> G00036 R05977  G00036 -> G00050
M00067,R01500  C00195 -> C02686 R04017  C02686 -> C06125 R10804  C03201 -> C20859 R10805  C20859 -> C20825
M00065,R05916  C01194 -> G00143 R05917  G00143 -> G00144 R05918  G00144 -> G00145 R05919  G00145 -> G00146 R12350  G00146 -> G13128 R12351  G13128 -> G00148 R05922  G00148 -> G00149 R08107  G00149 -> G13044 R12702  G13044 -> G13152
M00109,"R02211  C00410 -> C01176 R03326  C01176 -> C05488 R02843  C05488 -> C00735 R02834,R02836  C00735 -> C00762"
M00104,"R01463  C00187 -> C03594 R04263  C03594 -> C05455 R04826  C05455 -> C17339 R04823  C17339 -> C05453 R04824,R04825  C05453 -> C05454 R04807  C05454 -> C05446 R08759  C05446 -> C01301 R08761  C01301 -> C04722 R08733  C04722 -> C15613 R08734  C15613 -> C17343 R08735  C17343 -> C05460 R04813  C05460 -> C15614 R04812  C15614 -> C05467 R03719  C05467 -> C01794 R07296  C01794 -> C00695 R04817  C05455 -> C05451 R04818,R04819  C05451 -> C05452 R04806  C05452 -> C05444 R08758  C05444 -> C05445 R08760  C05445 -> C04554 R08738  C04554 -> C17345 R08739  C17345 -> C17346 R08740  C17346 -> C05447 R04809  C05447 -> C05448 R04810  C05448 -> C05449 R04811  C05449 -> C05337 R03974  C05337 -> C02528"
M00106,R02794  C00695 -> C01794 R03720  C01794 -> C05122 R03718  C01794 -> C01921
M00120,"R03018  C00864 -> C03492 R04230,R04231  C03492 -> C04352 R03269  C04352 -> C01134 R03035  C01134 -> C00882 R00130  C00882 -> C00010"
M00130,R03361  C01194 -> C01277 R03469  C01277 -> C04637 R03435  C04637 -> C01245 R03433  C01245 -> C01272
M00131,R03430  C01272 -> C01243 R03427  C01243 -> C04063 R04372  C04063 -> C04006 R01187  C04006 -> C00137
M00132,R03429  C01243 -> C04477 R03478  C04477 -> C01284 R05202  C01284 -> C01204
M00880,R09394  C00044 -> C21310 R11372  C21310 -> C18239 R09395  C18239 -> C05924 R09726  C05924 -> C19848 R09735  C19848 -> C18237
M00842,R00428  C00044 -> C05922 R05046  C05922 -> C05923 R05048  C05923 -> C06148 R04639  C06148 -> C04895 R04286  C04895 -> C03684 R08208  C03684 -> C00272
M00037,R01814  C00078 -> C00643 R02701  C00643 -> C00780 R02911  C00780 -> C00978 R03130  C00978 -> C01598
M00103,R03311  C01164 -> C05443 R03611  C05443 -> C01561 R03610  C01561 -> C01673
